Life_Expectancy,Mean_Years_Schooling,Expected_Years_Schooling,GNI_per_Capita,HDI_Score,HDI_Category
72.97,8.38,10.93,4341.89,0.6468,Medium
66.62,6.71,11.07,4821.74,0.6064,Medium
74.48,8.37,11.27,76865.48,0.7917,High
83.23,9.63,13.09,9903.89,0.7732,High
65.66,8.15,15.49,21636.35,0.7371,High
65.66,8.12,14.8,4487.72,0.6505,Medium
83.79,5.89,7.29,4537.57,0.6089,Medium
75.67,6.01,11.67,29201.78,0.7277,High
63.31,3.79,9.41,2566.82,0.5023,Low
73.43,13.25,14.95,6534.08,0.7633,High
63.37,4.27,9.91,10239.7,0.5796,Medium
63.34,5.92,13.0,11063.12,0.6421,Medium
70.42,5.84,7.6,8274.28,0.5944,Medium
48.87,10.68,12.85,14703.19,0.6204,Medium
50.75,7.12,13.15,19788.49,0.6106,Medium
62.38,11.74,16.29,20632.8,0.7623,High
57.87,5.98,11.08,3693.01,0.5441,Low
71.14,8.84,13.52,7449.07,0.7002,High
58.92,5.49,10.28,32687.99,0.626,Medium
53.88,14.44,15.78,24213.05,0.7352,High
82.66,4.44,10.53,2507.75,0.5912,Medium
65.74,8.93,15.27,14065.49,0.724,High
68.68,9.9,13.44,1368.92,0.5927,Medium
53.75,9.24,13.15,10372.72,0.6259,Medium
62.56,7.44,8.38,66023.57,0.6759,Medium
69.11,7.61,12.64,3835.7,0.6314,Medium
56.49,8.13,13.28,4297.02,0.5887,Medium
71.76,7.56,11.43,21248.25,0.7161,High
61.99,10.89,17.14,2115.82,0.6299,Medium
65.08,14.63,17.96,5256.63,0.7426,High
61.98,6.33,11.46,17969.68,0.6447,Medium
85.0,3.89,5.85,5248.59,0.5592,Medium
67.87,7.74,11.69,7816.8,0.6561,Medium
57.42,15.0,18.65,20830.75,0.7744,High
76.23,5.59,10.04,15086.36,0.6731,Medium
55.79,12.92,16.18,12923.7,0.7086,High
70.09,13.03,16.77,7050.67,0.764,High
48.4,6.34,11.99,14329.29,0.563,Medium
54.72,9.71,12.83,8745.26,0.626,Medium
69.97,12.89,13.67,15643.42,0.7802,High
75.38,6.86,14.36,6021.36,0.6918,Medium
69.71,7.39,14.15,8245.57,0.6882,Medium
66.84,6.25,7.67,3677.7,0.549,Low
64.99,4.96,10.34,9556.65,0.5996,Medium
53.21,6.05,9.05,4398.41,0.5096,Low
60.8,4.33,8.86,3248.52,0.505,Low
63.39,8.1,12.69,12818.71,0.6729,Medium
78.57,5.69,9.22,12243.37,0.6632,Medium
71.44,8.7,11.13,21652.45,0.7276,High
50.37,3.33,5.95,6430.93,0.4331,Low
71.24,8.99,11.16,14884.16,0.7135,High
64.15,10.5,12.84,17167.92,0.7199,High
61.23,2.02,5.88,15440.88,0.4812,Low
74.12,9.12,11.69,4334.43,0.668,Medium
78.31,11.68,17.05,11491.51,0.8217,Very High
77.31,4.37,11.35,14244.7,0.6727,Medium
59.61,13.02,15.86,9968.43,0.7182,High
64.91,9.26,13.74,1228.47,0.5653,Medium
71.31,5.88,10.88,11620.08,0.6563,Medium
77.76,7.83,12.78,90000.0,0.818,Very High
63.21,9.67,13.83,6904.72,0.6698,Medium
66.14,8.23,13.71,4778.7,0.6477,Medium
56.94,9.62,14.58,14376.48,0.6764,Medium
56.04,5.24,6.76,13526.12,0.5301,Low
76.13,8.51,14.25,32621.77,0.8004,Very High
81.56,3.76,9.53,2813.35,0.5711,Medium
67.28,7.67,10.14,20565.71,0.68,Medium
78.04,5.29,9.36,17861.84,0.6733,Medium
71.62,5.79,11.16,8585.7,0.6453,Medium
61.55,11.71,15.29,13886.71,0.7295,High
71.61,11.27,17.42,27707.47,0.8339,Very High
83.38,9.83,18.56,23678.33,0.8789,Very High
67.64,4.72,7.15,3155.75,0.5144,Low
83.65,7.05,8.29,22474.98,0.7196,High
41.8,11.64,16.25,9277.17,0.5775,Medium
76.22,8.43,13.87,10645.3,0.7406,High
68.87,14.96,18.5,10648.74,0.8093,Very High
65.01,9.18,16.09,8516.47,0.7047,High
68.92,8.58,9.9,32588.26,0.7172,High
48.12,7.07,12.46,9102.3,0.5556,Medium
65.8,8.4,11.19,3230.7,0.6024,Medium
71.57,7.54,14.98,6677.31,0.6953,Medium
82.78,10.12,18.11,11833.56,0.8365,Very High
62.82,10.87,13.34,33833.77,0.7517,High
59.92,5.64,8.54,18089.64,0.5897,Medium
62.98,4.01,9.73,4227.92,0.5325,Low
77.15,2.49,5.72,90000.0,0.5969,Medium
71.29,9.52,13.43,12897.33,0.7368,High
62.7,4.69,8.74,35432.71,0.6149,Medium
73.13,1.54,1.7,8503.95,0.3783,Low
68.97,9.17,13.14,16871.13,0.7314,High
77.69,15.0,17.62,22913.2,0.8966,Very High
60.98,7.98,11.0,33462.97,0.6814,Medium
64.72,10.52,17.4,28491.71,0.7883,High
64.08,8.25,9.73,23675.52,0.6734,Medium
53.36,7.7,13.33,7222.19,0.5926,Medium
70.96,10.76,14.2,5587.31,0.7106,High
70.61,7.13,10.57,13802.53,0.6752,Medium
68.05,8.8,14.38,25162.95,0.7535,High
65.65,8.97,13.65,7921.05,0.68,Medium
53.85,6.0,11.14,28714.92,0.6097,Medium
63.79,10.98,16.91,42303.15,0.8012,Very High
64.57,7.48,10.81,3958.73,0.5938,Medium
59.98,5.73,8.51,4285.87,0.5304,Low
66.39,9.61,11.44,8600.92,0.6742,Medium
72.04,5.3,7.65,13461.82,0.6135,Medium
85.0,8.08,17.98,5857.24,0.779,High
69.75,7.97,14.46,38261.62,0.7713,High
70.58,11.26,12.56,15124.43,0.7531,High
67.26,9.42,10.78,10295.34,0.6784,Medium
48.81,7.92,12.89,2354.52,0.5087,Low
67.73,10.45,15.55,2654.96,0.6572,Medium
68.6,12.17,17.27,13108.41,0.7871,High
85.0,9.67,13.16,1173.1,0.6349,Medium
66.08,8.03,11.78,27245.33,0.7095,High
71.02,4.06,8.72,8449.36,0.5835,Medium
67.65,4.8,8.98,90000.0,0.6696,Medium
56.31,7.08,6.65,90000.0,0.6172,Medium
79.43,6.17,9.71,8254.81,0.6618,Medium
75.52,7.44,9.74,8898.72,0.6696,Medium
75.91,8.17,12.52,26784.58,0.7666,High
58.91,9.59,19.56,54348.52,0.7891,High
82.03,7.79,12.52,1923.63,0.6374,Medium
53.98,9.46,12.83,1658.43,0.5301,Low
73.87,8.19,14.04,5313.28,0.6909,Medium
85.0,2.07,7.04,17725.11,0.5915,Medium
58.09,5.18,10.02,16266.67,0.5881,Medium
62.34,7.57,12.78,28847.29,0.6969,Medium
69.0,4.37,12.48,2981.86,0.5753,Medium
62.97,9.8,11.54,976.38,0.5281,Low
52.49,12.59,17.54,23342.11,0.7201,High
68.69,11.66,13.8,4323.43,0.6903,Medium
57.38,7.36,12.47,1314.9,0.5097,Low
72.74,12.47,14.63,11442.2,0.7817,High
58.81,8.45,11.61,21876.66,0.6646,Medium
83.5,6.99,10.4,8759.93,0.701,High
60.17,6.16,12.11,6261.35,0.5936,Medium
64.78,7.09,12.93,8439.16,0.6502,Medium
76.14,6.84,8.34,6832.3,0.6327,Medium
55.69,8.51,12.62,2570.75,0.5549,Medium
70.27,8.48,11.06,4843.14,0.6443,Medium
81.07,8.01,9.49,16668.57,0.7277,High
51.93,9.31,12.88,13652.51,0.6246,Medium
69.85,11.57,14.95,11708.38,0.7618,High
70.6,10.85,19.7,3658.66,0.7273,High
75.82,3.55,8.41,8254.36,0.5862,Medium
55.63,0.34,1.58,1122.08,0.2228,Low
54.8,10.8,13.67,11830.98,0.6585,Medium
73.22,3.9,9.94,41309.91,0.6713,Medium
70.97,7.33,15.5,2266.22,0.6295,Medium
70.5,4.49,5.32,5508.64,0.5192,Low
71.46,2.59,2.83,13754.3,0.4599,Low
61.2,9.62,17.37,34642.71,0.7661,High
70.32,10.28,15.06,6321.9,0.7172,High
70.93,6.27,8.53,4953.0,0.5906,Medium
60.86,0.23,5.3,1381.71,0.3379,Low
85.0,6.36,5.09,10975.69,0.6307,Medium
72.74,9.18,13.18,76273.13,0.817,Very High
56.09,3.56,8.22,13060.64,0.5215,Low
74.57,8.55,14.4,9679.07,0.7351,High
58.25,7.95,9.93,13658.02,0.6183,Medium
75.87,9.74,13.91,9787.96,0.7507,High
79.59,8.36,10.51,4389.57,0.6685,Medium
59.79,5.08,9.59,22545.26,0.6022,Medium
77.63,11.59,13.8,12403.84,0.7921,High
72.13,7.52,10.71,10072.99,0.6741,Medium
76.22,7.92,9.93,3731.76,0.6343,Medium
85.0,5.2,10.5,36443.12,0.7455,High
65.55,6.67,12.39,19239.15,0.6806,Medium
60.46,5.35,8.88,5693.49,0.5445,Low
59.1,7.48,11.56,26952.33,0.662,Medium
59.84,13.14,14.24,6017.51,0.6812,Medium
67.23,3.88,7.28,4527.82,0.5178,Low
71.41,3.16,7.06,4629.93,0.5169,Low
70.77,12.41,20.0,1684.01,0.6861,Medium
76.27,7.37,9.15,15859.79,0.6919,Medium
68.13,5.99,12.92,1585.82,0.5569,Medium
82.54,11.12,17.11,2897.36,0.7452,High
65.35,6.18,10.74,1241.92,0.5117,Low
85.0,13.48,20.0,9080.92,0.8798,Very High
74.26,10.03,14.78,8515.81,0.7474,High
59.43,6.54,11.31,7138.83,0.5926,Medium
57.29,14.47,18.37,3489.18,0.6735,Medium
72.82,6.18,12.63,3064.89,0.6162,Medium
65.77,10.23,16.42,15746.44,0.7541,High
75.14,8.9,11.65,5707.0,0.685,Medium
72.73,11.91,13.27,13580.07,0.7723,High
67.27,12.68,16.28,4083.67,0.7091,High
59.53,8.1,10.5,11861.61,0.6269,Medium
52.85,5.74,9.61,36434.74,0.591,Medium
63.53,9.38,15.85,17785.98,0.7336,High
76.56,5.97,9.05,6552.4,0.6279,Medium
70.14,14.04,17.95,12799.98,0.8176,Very High
55.54,8.41,12.53,7780.18,0.6091,Medium
69.73,6.9,12.6,9975.43,0.6758,Medium
71.85,8.55,8.06,7146.58,0.6398,Medium
59.16,3.96,6.75,8397.29,0.505,Low
69.54,5.09,9.51,12235.46,0.6214,Medium
68.58,11.6,18.0,3665.21,0.7117,High
56.57,6.03,9.05,3583.59,0.5162,Low
71.58,4.86,5.11,2468.73,0.4888,Low
73.61,9.61,14.85,1997.65,0.649,Medium
78.83,11.56,14.29,2929.88,0.7121,High
78.54,10.16,11.78,11608.15,0.7551,High
54.22,10.99,13.74,4053.0,0.6039,Medium
58.62,5.73,9.36,16541.28,0.5913,Medium
73.15,3.73,6.53,10246.73,0.5592,Medium
73.14,12.5,12.09,1382.29,0.625,Medium
73.15,7.03,12.83,19052.92,0.7262,High
85.0,7.25,13.8,22265.61,0.7991,High
73.71,11.98,17.29,3663.36,0.734,High
79.36,9.67,11.39,15065.94,0.7617,High
77.54,9.37,12.96,4202.78,0.6953,Medium
74.51,14.5,18.48,10912.57,0.8399,Very High
64.85,6.07,11.27,2794.76,0.5634,Medium
75.59,10.78,16.12,1647.3,0.6636,Medium
60.27,8.17,10.7,6749.22,0.6078,Medium
65.63,8.81,12.97,8745.29,0.6768,Medium
63.15,12.59,17.5,6649.66,0.725,High
68.82,9.52,16.44,3028.94,0.6691,Medium
85.0,9.61,15.02,6634.91,0.7761,High
49.33,11.22,16.8,12955.75,0.6531,Medium
74.86,6.91,11.07,9462.64,0.6782,Medium
51.87,5.48,12.3,11878.69,0.5704,Medium
63.28,4.87,9.69,5063.86,0.5542,Medium
78.89,2.1,4.38,31943.31,0.5328,Low
68.64,14.17,20.0,3052.84,0.7284,High
57.22,4.69,10.09,16115.88,0.5768,Medium
60.85,7.34,10.45,32269.93,0.6644,Medium
74.8,7.17,10.21,16009.03,0.6964,Medium
60.7,8.92,13.52,8082.66,0.6538,Medium
70.16,10.45,15.37,5835.43,0.7163,High
68.46,10.58,14.98,27891.79,0.787,High
61.48,6.25,10.87,2385.17,0.5384,Low
85.0,7.5,14.9,3751.37,0.7136,High
74.34,8.85,14.99,6650.47,0.7224,High
47.75,7.25,11.64,34120.5,0.5967,Medium
69.86,12.82,18.7,14469.06,0.8173,Very High
61.38,9.47,11.41,3759.17,0.6043,Medium
76.52,10.2,15.0,7256.79,0.7524,High
60.07,9.99,17.61,5354.42,0.6729,Medium
66.85,11.52,15.08,4866.89,0.6977,Medium
73.05,8.54,10.85,26341.2,0.7385,High
76.66,4.11,6.81,2510.55,0.5172,Low
56.0,9.2,11.02,49453.14,0.6826,Medium
64.65,6.05,8.48,22657.13,0.6265,Medium
63.25,6.41,9.67,29462.15,0.6509,Medium
61.47,9.76,10.95,6229.56,0.6305,Medium
85.0,11.71,15.75,8519.04,0.8222,Very High
72.05,8.06,13.87,2361.02,0.6301,Medium
55.39,8.93,11.11,5856.68,0.5876,Medium
77.18,13.11,20.0,16214.4,0.8755,Very High
85.0,8.72,13.74,36172.81,0.8427,Very High
78.32,15.0,20.0,3270.97,0.779,High
52.81,9.7,12.38,6867.08,0.5992,Medium
63.16,2.72,8.43,8507.48,0.525,Low
80.67,10.26,12.08,2450.9,0.6735,Medium
60.92,9.14,14.92,17878.41,0.7079,High
72.44,11.87,16.21,4798.26,0.7362,High
75.75,10.02,15.13,8140.52,0.7547,High
58.73,7.58,9.23,6298.4,0.5748,Medium
67.4,4.33,6.54,4494.73,0.515,Low
40.0,7.37,12.57,9827.65,0.5024,Low
57.76,5.45,7.55,7977.58,0.5318,Low
65.47,6.26,11.18,6823.6,0.6142,Medium
55.52,9.77,11.03,4776.86,0.5865,Medium
84.32,13.01,18.71,13623.13,0.888,Very High
53.7,9.18,10.72,51720.9,0.6661,Medium
63.6,4.41,9.52,11383.12,0.5822,Medium
69.31,9.33,14.59,26798.96,0.7713,High
82.41,11.59,14.2,2464.58,0.7133,High
53.64,6.17,11.33,11588.42,0.5783,Medium
79.63,7.6,12.12,3303.15,0.6588,Medium
68.1,8.04,10.97,2259.9,0.5844,Medium
58.18,5.65,7.63,4725.03,0.5154,Low
72.62,9.94,10.02,32594.52,0.7557,High
69.99,7.64,12.34,25591.51,0.7273,High
62.0,9.26,10.13,12619.58,0.6531,Medium
68.7,5.34,9.53,2137.3,0.5353,Low
64.15,6.69,10.16,8133.28,0.6109,Medium
69.14,10.17,15.53,13382.46,0.7551,High
74.62,6.88,10.28,11796.24,0.6781,Medium
83.86,13.18,16.52,1565.88,0.7158,High
55.62,6.8,12.26,4063.02,0.5583,Medium
85.0,8.67,13.34,9282.83,0.7672,High
48.48,10.8,15.43,16920.66,0.6446,Medium
66.48,3.74,8.68,1100.89,0.456,Low
73.88,2.72,3.65,8415.88,0.474,Low
70.81,3.42,8.94,11419.17,0.5874,Medium
61.77,11.79,17.01,23146.8,0.7705,High
65.92,6.34,8.31,19788.53,0.6296,Medium
63.07,15.0,18.51,17722.16,0.8032,Very High
62.11,6.31,10.23,4447.33,0.5683,Medium
76.5,8.55,12.28,1468.5,0.6046,Medium
71.57,12.63,17.29,6680.49,0.7685,High
61.07,14.02,20.0,26947.12,0.8114,Very High
77.0,14.18,20.0,39872.99,0.9257,Very High
71.07,11.63,13.0,20141.73,0.7783,High
76.13,11.07,16.32,15204.41,0.8138,Very High
74.3,9.78,16.44,14467.21,0.789,High
59.71,10.34,15.11,5675.31,0.6579,Medium
62.4,6.35,12.53,8690.1,0.6267,Medium
75.47,5.55,13.57,52526.31,0.7684,High
74.1,7.99,14.04,3856.22,0.6704,Medium
67.79,7.49,11.99,49750.65,0.7379,High
69.17,6.64,12.73,7172.23,0.6548,Medium
80.78,10.09,14.38,37250.93,0.8505,Very High
62.08,10.87,14.91,2424.03,0.6233,Medium
73.47,8.27,11.56,17781.33,0.7269,High
65.98,12.43,19.56,4737.33,0.7336,High
65.82,4.57,6.94,2403.62,0.4889,Low
78.99,7.42,14.48,12314.52,0.754,High
76.25,5.85,10.85,27159.22,0.7138,High
76.14,2.4,3.6,4251.63,0.4449,Low
81.05,7.75,12.49,2210.52,0.643,Medium
68.21,7.63,7.43,9028.62,0.615,Medium
74.82,12.54,17.79,9068.52,0.8061,Very High
64.9,9.89,15.66,17125.43,0.7432,High
71.24,4.93,7.74,25580.73,0.6303,Medium
66.7,13.56,17.81,9326.22,0.7753,High
68.97,11.66,19.57,63291.31,0.8813,Very High
73.95,9.75,12.73,12384.92,0.7429,High
59.82,7.32,9.2,6999.36,0.5813,Medium
85.0,5.12,12.09,1975.22,0.6111,Medium
57.94,6.88,14.81,7610.93,0.6255,Medium
55.86,11.27,15.27,7069.98,0.6572,Medium
79.58,13.65,19.68,25856.18,0.9162,Very High
75.92,12.63,19.31,15716.77,0.8569,Very High
74.24,6.53,9.05,3043.1,0.5867,Medium
74.28,4.64,7.67,11757.59,0.6047,Medium
67.88,8.42,14.88,19370.98,0.7409,High
59.03,2.69,10.06,45616.8,0.5898,Medium
68.76,8.97,14.1,24040.71,0.7542,High
61.23,7.56,9.8,21180.72,0.6455,Medium
77.75,6.6,14.58,10510.04,0.7309,High
66.53,3.22,6.15,14593.22,0.5312,Low
59.75,9.54,12.87,34527.28,0.7144,High
64.79,6.4,11.09,2610.31,0.5615,Medium
72.13,4.49,11.6,6978.3,0.6238,Medium
62.36,0.0,5.71,4570.74,0.3908,Low
59.78,7.92,12.75,14460.17,0.6574,Medium
70.44,13.32,18.24,33867.87,0.8658,Very High
70.45,12.98,17.07,5448.12,0.7519,High
62.93,6.63,11.74,906.59,0.4937,Low
63.29,6.19,5.13,6553.66,0.5276,Low
70.32,9.41,12.81,24673.22,0.7555,High
53.52,5.0,9.49,16943.34,0.5562,Medium
53.93,8.91,10.6,15186.87,0.6164,Medium
60.82,10.3,15.07,7480.14,0.6781,Medium
65.87,11.68,15.27,2754.44,0.66,Medium
71.11,7.7,15.21,16569.09,0.7442,High
82.75,7.39,14.54,4297.2,0.7091,High
76.58,5.37,8.43,87912.45,0.7111,High
66.4,5.52,9.22,17509.65,0.6258,Medium
67.81,7.32,11.17,5537.8,0.6276,Medium
57.97,9.1,12.2,5370.17,0.6089,Medium
67.81,10.74,15.13,9018.7,0.7302,High
65.11,5.59,8.07,7789.24,0.5724,Medium
71.23,12.48,14.22,30237.37,0.82,Very High
59.73,7.19,12.43,11925.28,0.6368,Medium
73.19,7.94,13.19,4761.74,0.6704,Medium
83.33,5.76,8.15,65541.62,0.7364,High
66.91,0.73,6.52,10397.37,0.4702,Low
72.02,10.65,13.39,21350.7,0.7783,High
74.9,10.21,14.72,5387.16,0.725,High
63.99,7.16,12.8,14230.11,0.6702,Medium
70.24,8.2,12.13,13508.98,0.7045,High
68.13,9.55,14.46,1495.7,0.6017,Medium
68.98,3.31,6.28,74256.09,0.5984,Medium
60.27,6.41,10.02,35977.34,0.6472,Medium
68.25,10.38,13.97,6652.88,0.7017,High
72.98,4.24,6.74,3287.0,0.5208,Low
82.51,8.88,12.53,14010.49,0.7733,High
77.59,3.93,4.83,10793.48,0.5498,Low
85.0,9.4,12.42,14124.54,0.7896,High
60.33,7.89,11.32,11986.99,0.6375,Medium
76.72,3.15,6.64,16419.76,0.5797,Medium
69.83,11.49,15.01,42079.07,0.8242,Very High
85.0,5.8,9.67,17467.6,0.7115,High
59.92,5.57,10.53,3464.57,0.5397,Low
59.6,8.6,14.35,38660.08,0.7216,High
62.01,11.45,14.15,51052.74,0.7783,High
46.76,4.95,6.55,90000.0,0.5227,Low
62.74,8.19,10.1,3217.97,0.5757,Medium
60.41,9.29,12.31,12618.03,0.6664,Medium
69.5,10.08,13.38,1233.86,0.5892,Medium
71.42,8.53,10.99,17208.34,0.7131,High
85.0,6.9,8.31,5720.43,0.6555,Medium
77.5,5.52,8.6,67740.93,0.7169,High
62.23,8.26,12.62,4561.4,0.6168,Medium
59.02,4.78,9.97,1827.71,0.4863,Low
72.92,0.0,2.89,6177.92,0.3438,Low
54.8,9.31,12.48,1372.67,0.5182,Low
85.0,10.71,12.86,20975.27,0.8324,Very High
79.79,0.91,4.85,1255.03,0.3871,Low
63.31,4.97,7.27,10182.82,0.5552,Medium
50.87,9.86,15.0,1239.16,0.5125,Low
81.54,14.17,14.6,7184.65,0.8127,Very High
66.85,8.06,11.34,51194.03,0.7347,High
80.38,5.82,10.42,14195.04,0.6952,Medium
52.06,7.45,11.82,4173.48,0.5432,Low
62.01,12.12,20.0,9593.07,0.7533,High
68.05,6.06,10.76,10077.06,0.6367,Medium
68.47,5.6,7.59,15877.06,0.61,Medium
63.5,6.55,10.36,2522.84,0.5487,Low
74.23,5.14,5.59,17900.2,0.5977,Medium
57.32,8.37,12.21,662.23,0.4662,Low
66.58,12.87,15.21,5271.74,0.715,High
69.2,8.97,14.8,6073.72,0.6934,Medium
73.14,7.24,10.14,18644.88,0.6965,Medium
75.12,7.12,10.89,10123.66,0.6836,Medium
56.75,3.31,6.04,2427.06,0.4231,Low
52.66,10.65,18.13,3696.0,0.6173,Medium
80.78,7.77,11.12,12072.43,0.7272,High
71.32,7.46,15.12,9144.73,0.7115,High
60.52,15.0,20.0,5546.24,0.7231,High
83.51,8.9,13.86,6119.07,0.7452,High
69.16,5.74,10.48,19854.14,0.6632,Medium
79.79,6.72,11.51,5897.64,0.6754,Medium
68.68,11.45,11.59,9062.58,0.7105,High
85.0,8.34,11.78,86676.37,0.8459,Very High
85.0,3.69,9.38,2383.48,0.5684,Medium
65.51,10.76,14.66,1553.33,0.6057,Medium
77.72,6.0,7.19,21667.95,0.6605,Medium
74.45,13.62,17.52,5020.86,0.7753,High
81.69,11.24,18.65,7199.47,0.818,Very High
58.35,6.66,13.15,4531.66,0.5844,Medium
74.86,11.84,15.72,7632.72,0.7717,High
78.58,8.2,14.11,48949.19,0.8247,Very High
50.41,10.56,13.83,22073.4,0.6548,Medium
56.17,9.45,10.05,23440.57,0.6484,Medium
47.61,5.46,7.61,2401.32,0.4313,Low
65.31,6.07,13.2,3130.18,0.5908,Medium
75.18,11.09,14.54,578.78,0.5584,Medium
83.02,7.0,10.51,4405.54,0.6628,Medium
68.74,6.79,10.19,25763.22,0.6842,Medium
84.29,5.13,12.94,16596.49,0.74,High
54.2,9.27,16.52,7930.62,0.6439,Medium
50.97,14.19,20.0,9678.86,0.6904,Medium
67.44,4.8,8.48,4969.7,0.5543,Medium
71.84,8.07,12.66,12146.05,0.7107,High
67.67,12.24,13.2,21287.56,0.772,High
47.33,7.76,14.71,1966.7,0.5017,Low
67.11,9.36,11.02,13355.02,0.6919,Medium
54.96,4.81,9.25,25145.52,0.5722,Medium
74.7,9.28,11.09,6534.82,0.6897,Medium
71.67,7.44,10.26,19944.34,0.6972,Medium
58.6,10.96,13.28,90000.0,0.7583,High
62.86,11.56,14.35,8916.49,0.7052,High
57.41,15.0,17.92,14666.29,0.7564,High
67.37,9.74,12.64,4731.24,0.6596,Medium
77.55,8.98,14.64,11863.85,0.7669,High
58.14,8.58,10.37,15682.04,0.636,Medium
73.04,6.94,11.38,12026.19,0.6863,Medium
62.7,9.02,15.45,3569.94,0.6373,Medium
60.07,7.11,10.09,12165.53,0.6138,Medium
66.93,8.51,11.07,42710.32,0.7309,High
57.65,11.95,15.49,15500.63,0.7151,High
62.46,4.98,11.34,25899.71,0.6413,Medium
56.02,11.42,15.81,7808.66,0.6687,Medium
85.0,11.95,14.89,20950.13,0.8687,Very High
68.35,7.65,12.61,13085.6,0.6921,Medium
61.0,1.63,3.43,3824.14,0.3732,Low
70.14,6.18,11.54,13609.47,0.6705,Medium
66.88,11.89,16.71,3671.31,0.6964,Medium
65.79,7.93,11.32,5255.97,0.6249,Medium
74.14,5.0,7.32,11960.06,0.6063,Medium
75.58,6.49,8.71,13322.96,0.6615,Medium
62.69,10.52,15.59,3013.23,0.6422,Medium
62.24,9.64,16.1,28395.49,0.7525,High
65.25,7.28,10.01,17535.91,0.6565,Medium
44.98,6.9,11.82,4891.58,0.5014,Low
52.85,6.82,6.65,2126.89,0.4582,Low
81.67,5.23,8.06,8562.05,0.6334,Medium
84.45,12.85,16.78,6336.34,0.8222,Very High
65.51,7.03,9.21,11082.7,0.625,Medium
73.77,11.65,13.78,6883.51,0.7415,High
71.11,12.56,15.23,1329.48,0.6372,Medium
85.0,10.99,15.58,6712.01,0.7978,High
79.2,6.71,10.33,7290.89,0.6703,Medium
66.72,9.21,8.73,18651.11,0.6783,Medium
58.44,7.93,7.69,4923.62,0.5499,Low
51.94,5.29,8.08,53033.27,0.5714,Medium
70.03,8.97,13.89,1463.17,0.5978,Medium
60.44,4.46,2.97,36723.33,0.5044,Low
53.78,11.56,14.56,7908.4,0.6471,Medium
61.53,6.61,9.55,23378.8,0.6347,Medium
57.18,8.6,15.38,10719.3,0.6607,Medium
84.87,8.85,12.08,30932.28,0.8169,Very High
76.82,7.22,11.99,6718.62,0.6831,Medium
67.92,9.76,14.04,3299.02,0.6531,Medium
82.8,6.58,6.31,40966.27,0.7023,High
68.77,10.61,16.15,8835.38,0.7414,High
59.39,3.96,8.39,12351.82,0.544,Low
83.23,8.38,13.4,34021.63,0.8233,Very High
73.39,13.82,20.0,3526.44,0.7618,High
57.63,5.0,4.83,17952.61,0.5149,Low
66.1,5.97,13.42,5486.83,0.6259,Medium
59.24,9.54,12.97,8671.79,0.6511,Medium
54.17,8.54,13.11,10638.97,0.6219,Medium
77.26,9.05,12.96,2207.86,0.6483,Medium
85.0,9.47,12.62,4542.18,0.7268,High
54.01,9.9,12.76,38218.42,0.6853,Medium
73.63,11.33,15.99,24009.17,0.8249,Very High
61.49,9.23,10.2,9296.19,0.6368,Medium
63.13,7.28,12.78,12621.08,0.6617,Medium
62.08,10.02,13.19,7374.31,0.6653,Medium
59.36,13.7,15.44,38429.6,0.7841,High
68.49,7.6,10.7,8100.23,0.6485,Medium
59.69,5.08,11.59,12479.49,0.6025,Medium
70.7,11.32,14.25,31133.2,0.8057,Very High
67.5,7.64,12.36,4548.84,0.6316,Medium
65.61,1.48,4.02,47041.67,0.4719,Low
58.92,10.54,16.06,2142.09,0.6046,Medium
62.23,6.39,11.77,50495.63,0.6909,Medium
75.55,7.73,15.43,6818.02,0.7205,High
73.01,9.0,12.64,7764.38,0.7041,High
58.22,8.57,13.91,1495.16,0.5446,Low
68.99,10.13,14.32,6280.5,0.7025,High
75.51,6.69,13.29,3498.86,0.6476,Medium
51.31,9.54,12.1,5390.29,0.5746,Medium
73.43,7.22,12.71,8627.32,0.6901,Medium
61.37,10.22,13.83,25791.28,0.7287,High
73.71,9.85,13.72,12180.64,0.7519,High
60.37,5.19,9.38,13462.68,0.5842,Medium
49.95,11.26,15.76,3309.26,0.5829,Medium
51.72,6.39,10.16,4102.07,0.5138,Low
68.48,10.42,14.85,59797.85,0.8181,Very High
70.6,9.1,16.26,4744.77,0.6998,Medium
58.96,13.51,19.49,51855.08,0.8249,Very High
74.39,7.33,13.07,7761.56,0.6938,Medium
51.38,6.95,10.04,9919.8,0.5553,Medium
67.34,7.94,10.16,28864.43,0.6986,Medium
55.89,7.09,13.0,35308.97,0.6637,Medium
61.48,10.4,16.15,8858.98,0.7005,High
68.47,3.15,10.1,6712.7,0.5674,Medium
59.4,4.84,7.63,9358.87,0.5373,Low
64.15,4.8,8.34,13876.58,0.583,Medium
78.06,10.85,11.57,24132.23,0.7967,High
62.23,13.13,16.35,9939.08,0.7384,High
76.36,7.69,13.68,18377.57,0.7574,High
56.7,7.49,10.56,50937.76,0.661,Medium
73.3,8.21,13.49,14491.38,0.7366,High
82.42,11.49,15.1,13516.32,0.8297,Very High
43.28,5.22,9.87,2166.98,0.4209,Low
60.03,8.72,10.42,712.85,0.4732,Low
73.77,10.93,15.1,14594.15,0.7872,High
65.97,9.5,7.52,9001.76,0.6322,Medium
71.71,8.57,12.19,5914.83,0.674,Medium
61.96,11.0,11.74,12626.21,0.6889,Medium
68.87,0.0,6.41,9317.0,0.451,Low
66.44,10.03,15.59,30570.18,0.7797,High
79.68,6.04,10.97,10787.15,0.69,Medium
70.54,2.51,9.55,4689.48,0.5403,Low
71.38,9.53,11.64,26639.92,0.7533,High
63.88,12.12,19.62,7965.45,0.751,High
63.12,7.59,13.45,16756.42,0.6851,Medium
63.67,10.86,14.39,6140.06,0.6827,Medium
71.94,12.84,19.11,5167.65,0.77,High
63.79,11.94,13.73,10766.21,0.7187,High
70.9,12.92,15.27,10024.91,0.7752,High
85.0,10.23,13.01,15991.73,0.8135,Very High
76.71,8.23,11.17,7565.5,0.6933,Medium
64.74,3.19,5.08,1577.57,0.4141,Low
80.01,7.26,13.71,6420.34,0.7124,High
63.92,5.47,8.95,21890.73,0.6189,Medium
47.62,14.51,19.22,7351.24,0.6509,Medium
57.92,7.47,10.33,7735.82,0.59,Medium
49.29,8.37,8.73,26539.16,0.583,Medium
64.48,9.65,14.19,4856.27,0.66,Medium
68.18,8.13,8.31,2115.82,0.5556,Medium
84.76,13.09,16.95,8428.46,0.8459,Very High
71.27,6.13,7.4,6098.67,0.5855,Medium
65.81,8.58,16.56,3765.94,0.6605,Medium
76.29,5.77,11.6,8305.07,0.6675,Medium
45.89,4.04,8.25,16179.59,0.4811,Low
70.36,6.16,12.69,9805.62,0.669,Medium
75.71,7.89,10.2,13453.32,0.7025,High
53.21,6.71,11.8,60682.32,0.6485,Medium
79.44,5.92,10.32,7024.23,0.6576,Medium
71.38,3.78,8.31,13073.58,0.5922,Medium
63.85,7.75,14.3,5947.86,0.6486,Medium
74.33,3.49,8.95,4245.61,0.5568,Medium
85.0,10.28,14.86,5514.26,0.7706,High
69.82,8.25,8.94,6131.79,0.6294,Medium
70.48,3.63,5.71,14178.41,0.5456,Low
63.41,7.07,10.83,90000.0,0.7102,High
59.5,5.74,9.93,4836.55,0.55,Medium
76.3,8.96,10.7,6524.86,0.688,Medium
59.44,12.02,20.0,9291.7,0.7351,High
68.72,2.37,9.41,14702.88,0.5773,Medium
63.22,8.35,13.55,12881.54,0.6836,Medium
72.79,7.52,11.66,35742.5,0.7456,High
71.34,10.01,13.59,874.46,0.5688,Medium
78.38,8.64,10.74,909.66,0.56,Medium
62.9,5.74,9.9,6027.71,0.5755,Medium
65.3,7.04,11.56,29652.45,0.6932,Medium
58.21,5.61,7.13,2068.03,0.4696,Low
63.56,11.23,15.9,500.0,0.5103,Low
71.77,8.06,11.75,17521.42,0.7179,High
75.57,13.7,13.89,12627.82,0.8075,Very High
58.78,7.82,10.1,3326.88,0.5549,Medium
76.7,5.87,9.05,3693.98,0.5969,Medium
81.56,3.46,11.23,3752.8,0.6052,Medium
72.13,2.59,7.7,11053.86,0.5553,Medium
85.0,3.25,4.58,5290.59,0.5206,Low
60.26,8.8,13.77,16221.03,0.6853,Medium
55.55,9.53,10.43,569.85,0.4436,Low
50.21,3.26,9.42,4201.3,0.4597,Low
82.96,10.69,13.74,3209.74,0.7208,High
74.54,6.55,10.36,7659.17,0.653,Medium
67.44,8.44,15.09,5778.81,0.6792,Medium
70.8,12.84,14.26,21979.02,0.8065,Very High
56.75,10.69,11.9,1541.73,0.5434,Low
85.0,7.19,10.03,10357.76,0.7136,High
69.29,5.33,11.4,17297.83,0.6633,Medium
69.09,1.54,2.51,63363.76,0.4467,Low
75.26,5.84,4.18,6113.37,0.5476,Low
72.81,7.37,10.46,13690.52,0.6866,Medium
70.24,5.04,10.14,1629.68,0.5272,Low
60.1,7.61,14.01,905.1,0.509,Low
72.71,8.23,11.3,23035.1,0.7319,High
85.0,7.33,10.5,9842.25,0.7189,High
81.45,6.05,12.36,32161.09,0.7659,High
83.93,8.51,8.77,2506.39,0.6318,Medium
62.89,9.33,12.55,16645.62,0.6953,Medium
58.1,4.73,9.11,64139.64,0.6171,Medium
66.74,12.23,17.13,15058.62,0.7837,High
68.56,7.7,10.68,13050.5,0.6726,Medium
78.94,8.06,12.13,9982.17,0.7254,High
51.08,10.12,9.15,2057.24,0.5055,Low
83.3,8.7,11.38,38390.79,0.8096,Very High
66.42,10.86,15.77,5373.0,0.7005,High
63.73,8.86,10.9,16390.93,0.6767,Medium
57.88,6.16,10.28,2073.44,0.5079,Low
51.45,9.08,13.98,3042.82,0.5567,Medium
76.23,4.57,7.88,41568.06,0.6639,Medium
68.73,8.33,12.67,6993.23,0.6715,Medium
55.1,7.9,9.97,42331.02,0.6436,Medium
55.05,7.38,10.96,9152.38,0.5872,Medium
64.64,7.61,12.83,1568.86,0.5586,Medium
84.69,2.35,6.67,24150.67,0.6014,Medium
65.4,6.35,9.18,5486.84,0.5821,Medium
52.97,8.28,12.73,19904.26,0.6344,Medium
65.54,8.48,13.91,10149.82,0.689,Medium
65.27,4.92,4.82,2115.15,0.4572,Low
41.03,11.8,18.12,11664.38,0.593,Medium
67.46,5.4,8.73,88985.0,0.6757,Medium
65.69,10.91,15.76,16203.56,0.7565,High
74.96,9.28,15.68,9343.93,0.7558,High
85.0,6.06,7.32,29008.48,0.7028,High
79.27,13.33,15.91,12218.04,0.837,Very High
65.31,4.42,7.84,12204.19,0.5695,Medium
56.93,10.76,13.19,3322.17,0.6018,Medium
85.0,11.0,18.47,12504.55,0.8626,Very High
68.59,5.99,8.27,27873.83,0.6488,Medium
68.14,12.18,15.07,4289.55,0.7025,High
67.76,7.25,11.66,41130.11,0.7229,High
69.98,8.87,10.46,9029.88,0.6743,Medium
66.56,8.78,11.99,4073.39,0.6308,Medium
62.26,7.6,12.23,26839.56,0.688,Medium
62.53,10.43,13.77,7429.44,0.6774,Medium
67.67,10.38,14.19,21152.53,0.7601,High
62.57,2.75,5.7,7392.65,0.4739,Low
60.87,11.91,12.88,9322.39,0.6877,Medium
69.06,3.01,7.66,16212.86,0.5663,Medium
65.45,11.1,18.61,13238.67,0.7706,High
83.04,11.38,15.42,1345.43,0.675,Medium
41.49,4.73,9.18,3225.22,0.4152,Low
78.92,6.77,12.15,25069.57,0.7524,High
80.46,4.68,6.14,8672.08,0.5895,Medium
47.27,7.36,14.76,5862.13,0.5529,Medium
64.57,7.08,11.48,2543.83,0.5708,Medium
64.29,10.34,17.6,3361.91,0.6706,Medium
53.92,11.93,14.46,1310.55,0.5453,Low
60.22,12.19,19.82,8943.83,0.738,High
56.89,6.31,11.86,5440.15,0.5698,Medium
85.0,7.37,12.48,3764.66,0.6873,Medium
77.36,2.95,7.42,9245.36,0.5684,Medium
80.72,5.58,9.09,14242.28,0.6744,Medium
75.22,10.89,17.3,80273.75,0.8949,Very High
56.71,12.85,17.13,2182.26,0.6195,Medium
62.75,4.3,4.36,31551.65,0.5327,Low
72.89,6.22,7.99,26189.18,0.6648,Medium
55.78,7.92,11.55,4541.02,0.5704,Medium
75.13,8.84,13.46,12127.56,0.7435,High
65.6,5.57,9.46,6262.7,0.5815,Medium
64.25,9.27,15.71,11916.61,0.7156,High
75.11,6.58,6.68,44762.72,0.6814,Medium
72.44,7.96,12.24,18135.13,0.7266,High
64.39,9.64,10.0,16458.68,0.6807,Medium
79.59,8.02,13.54,6436.18,0.7186,High
57.19,6.69,10.5,2243.84,0.5173,Low
74.16,7.67,12.51,8034.76,0.6931,Medium
73.93,7.73,10.01,33077.49,0.7304,High
64.9,6.89,13.45,2149.16,0.578,Medium
71.26,7.22,13.31,3445.8,0.6361,Medium
55.49,12.8,17.96,11229.14,0.7116,High
77.24,9.68,13.42,3697.25,0.6939,Medium
66.15,7.11,12.27,4480.44,0.6177,Medium
62.77,10.09,12.68,6479.52,0.6584,Medium
78.49,7.0,12.71,2525.98,0.6361,Medium
60.96,11.52,18.82,3736.4,0.6786,Medium
53.92,9.11,15.25,19998.81,0.6722,Medium
52.43,7.68,10.22,2677.48,0.5114,Low
74.06,9.34,14.07,2002.45,0.6418,Medium
55.2,3.29,4.7,5271.0,0.4271,Low
85.0,4.62,9.76,20577.54,0.6994,Medium
47.18,4.42,9.32,8128.07,0.4832,Low
84.96,8.43,8.69,6219.34,0.688,Medium
70.11,13.2,14.87,10346.04,0.7724,High
67.03,14.69,18.13,1727.26,0.6763,Medium
62.55,9.91,13.31,16231.44,0.7064,High
71.99,9.5,11.08,14522.22,0.7216,High
67.62,2.6,7.37,6572.78,0.513,Low
79.03,6.37,10.87,27063.05,0.7339,High
69.14,5.64,9.25,3205.12,0.5605,Medium
69.5,6.14,8.63,30574.11,0.6638,Medium
64.36,7.5,13.59,11550.61,0.6748,Medium
67.43,6.58,13.89,7068.81,0.6574,Medium
71.08,2.06,5.09,9702.38,0.4851,Low
50.9,10.24,13.02,8890.47,0.6096,Medium
54.52,4.78,9.76,33532.92,0.5857,Medium
75.43,8.72,12.0,3372.2,0.6564,Medium
69.71,14.22,17.94,4616.91,0.7551,High
66.16,5.24,10.72,27897.79,0.6584,Medium
68.18,0.41,0.59,5455.97,0.2378,Low
71.48,7.14,13.78,24355.99,0.7418,High
62.6,11.3,15.45,54145.82,0.7949,High
60.22,13.88,17.05,6622.35,0.7159,High
69.96,4.31,8.13,19562.35,0.6095,Medium
58.22,9.49,13.41,3122.25,0.5949,Medium
72.08,6.6,7.14,21051.63,0.6471,Medium
50.97,7.68,14.67,12081.42,0.6118,Medium
78.29,15.0,19.08,15883.53,0.8822,Very High
72.73,3.49,8.38,5189.68,0.5528,Medium
70.56,8.76,14.66,1879.79,0.6224,Medium
77.83,9.4,11.36,16370.76,0.7553,High
84.65,11.26,16.2,1257.14,0.6796,Medium
78.14,8.29,11.76,7205.86,0.7038,High
49.59,8.92,14.62,25366.43,0.6446,Medium
55.2,6.83,6.57,11990.83,0.5435,Low
61.75,8.81,12.61,69448.63,0.7421,High
68.26,6.97,9.76,27587.25,0.6821,Medium
73.18,9.86,14.73,5146.65,0.711,High
60.74,6.89,11.83,10171.18,0.6252,Medium
69.87,9.13,11.72,9439.23,0.6924,Medium
60.45,7.91,10.49,2034.13,0.5397,Low
61.88,11.38,15.16,3864.55,0.6578,Medium
53.93,7.85,10.05,5649.03,0.5562,Medium
58.77,2.68,8.36,1291.78,0.4201,Low
54.48,11.79,15.05,10378.52,0.6707,Medium
58.24,5.28,3.47,7715.05,0.4721,Low
78.54,6.04,9.29,1857.72,0.5673,Medium
58.51,6.21,8.14,14827.11,0.5786,Medium
85.0,12.12,12.86,20249.24,0.8484,Very High
72.93,1.59,3.12,12419.64,0.436,Low
69.85,15.0,19.22,7157.61,0.7909,High
59.42,11.17,17.83,17880.07,0.7442,High
75.0,8.67,13.3,19540.03,0.7628,High
62.24,7.84,10.62,13459.0,0.6445,Medium
69.22,8.86,13.77,4338.95,0.6636,Medium
85.0,9.56,12.65,13050.75,0.79,High
67.04,9.94,12.55,32711.46,0.7549,High
79.49,9.67,11.36,5450.0,0.7064,High
60.97,8.27,8.77,80655.26,0.6891,Medium
67.65,7.41,10.63,5851.01,0.6251,Medium
85.0,7.55,11.86,10223.12,0.7406,High
61.73,7.42,11.22,5051.87,0.5968,Medium
85.0,11.4,14.57,12372.99,0.8297,Very High
75.08,9.78,11.89,1733.29,0.6211,Medium
62.38,0.0,5.22,5732.79,0.3866,Low
74.32,9.97,11.33,3320.53,0.659,Medium
77.73,8.58,14.14,11331.46,0.7552,High
74.22,7.94,9.94,26754.22,0.7249,High
52.3,6.83,9.33,18882.79,0.5765,Medium
60.73,11.37,12.44,923.66,0.5342,Low
65.52,10.84,13.84,76272.65,0.8054,Very High
67.26,5.68,11.63,13296.82,0.6505,Medium
74.21,9.22,14.25,4552.81,0.6968,Medium
69.78,5.09,11.04,11581.08,0.6397,Medium
54.65,3.86,8.91,11803.95,0.5247,Low
71.8,6.12,7.91,5080.43,0.5852,Medium
74.11,10.59,13.93,12063.22,0.7639,High
73.6,10.86,13.3,5391.22,0.7135,High
78.81,9.54,16.2,6605.37,0.7605,High
76.34,10.18,11.78,4982.67,0.6987,Medium
72.59,9.55,15.34,2362.15,0.6601,Medium
67.3,6.08,11.86,11451.05,0.652,Medium
51.39,9.3,16.96,17770.58,0.6657,Medium
72.3,10.4,13.58,16562.29,0.7661,High
70.08,10.26,15.69,22469.75,0.7885,High
70.72,11.57,20.0,13688.9,0.8171,Very High
55.23,10.12,12.89,5809.64,0.6139,Medium
57.19,9.05,9.98,22917.68,0.6479,Medium
78.53,11.21,11.45,2546.52,0.6728,Medium
67.6,7.92,13.35,4021.17,0.6378,Medium
74.82,5.35,5.59,3773.66,0.5364,Low
68.28,7.51,10.77,29145.51,0.7046,High
68.3,5.77,10.64,25407.22,0.6718,Medium
77.38,5.97,10.34,16111.77,0.6908,Medium
62.84,7.57,12.42,28909.63,0.6958,Medium
68.96,5.62,10.07,4108.11,0.5823,Medium
63.38,7.08,13.63,14024.98,0.6741,Medium
63.66,2.32,4.41,8732.66,0.4492,Low
64.91,8.64,11.29,23083.7,0.699,Medium
70.22,8.0,10.46,8819.99,0.6629,Medium
63.21,5.55,11.21,6734.89,0.5942,Medium
80.56,9.98,15.78,16998.98,0.8229,Very High
59.05,10.81,15.72,23769.75,0.7342,High
66.13,3.18,9.54,5072.83,0.5385,Low
63.6,5.71,7.36,9310.74,0.566,Medium
82.47,5.69,13.03,3434.27,0.6567,Medium
69.97,5.18,12.23,813.98,0.4996,Low
78.32,10.49,15.96,12093.94,0.8017,Very High
53.14,7.42,14.98,18195.06,0.6431,Medium
70.67,7.21,7.89,12862.44,0.6405,Medium
76.9,1.99,4.94,1408.72,0.4144,Low
68.82,9.91,12.44,6968.47,0.6878,Medium
78.65,4.28,9.73,1076.7,0.5114,Low
62.83,8.18,10.08,38937.03,0.6897,Medium
82.09,8.83,14.35,3340.73,0.7053,High
85.0,12.08,18.82,34731.54,0.9352,Very High
64.37,4.07,9.46,25485.62,0.6107,Medium
63.54,0.0,4.57,4021.5,0.362,Low
82.53,8.55,10.58,3188.21,0.6628,Medium
83.8,13.4,15.71,14049.9,0.8651,Very High
62.77,11.72,18.22,4254.26,0.694,Medium
63.8,8.63,14.19,10965.23,0.6882,Medium
65.18,6.53,10.45,6106.89,0.603,Medium
54.56,10.42,13.59,1667.1,0.5471,Low
58.81,5.08,5.03,1063.72,0.4039,Low
57.96,9.43,11.29,12415.29,0.644,Medium
60.32,9.52,17.34,5644.53,0.6709,Medium
67.65,11.18,12.62,5692.53,0.6866,Medium
70.34,15.0,19.38,19848.11,0.8522,Very High
83.51,9.18,15.19,31998.44,0.8525,Very High
58.02,6.47,7.96,7536.06,0.5505,Medium
77.84,7.92,12.29,7040.27,0.7022,High
65.86,2.69,8.57,16319.94,0.5625,Medium
67.51,5.92,9.94,2548.0,0.5531,Medium
74.75,6.77,16.51,12371.53,0.7486,High
56.77,6.43,7.09,17186.61,0.5655,Medium
71.82,8.46,14.57,19540.22,0.7585,High
69.66,5.53,9.19,1426.88,0.5128,Low
72.92,11.36,16.91,4622.29,0.7368,High
70.89,8.0,12.88,4112.3,0.6499,Medium
85.0,7.97,10.51,10936.78,0.734,High
61.62,7.02,11.47,16006.41,0.6474,Medium
62.69,8.47,8.75,44210.18,0.6821,Medium
61.77,10.48,15.68,6033.21,0.6785,Medium
62.45,5.4,9.99,6017.5,0.5697,Medium
61.63,6.03,11.3,31246.79,0.6589,Medium
79.89,7.09,13.21,13314.07,0.7432,High
82.21,3.96,8.7,35159.55,0.6816,Medium
62.29,5.54,9.84,13209.98,0.6035,Medium
59.68,6.57,8.81,3111.57,0.5278,Low
72.71,10.62,13.2,2609.39,0.6604,Medium
62.48,8.79,15.16,2097.47,0.5986,Medium
74.33,8.58,15.45,19188.22,0.7801,High
70.03,10.55,14.08,32487.05,0.7934,High
52.84,7.59,11.68,62903.82,0.6573,Medium
83.48,9.17,11.36,22996.68,0.7929,High
85.0,7.69,14.04,31660.93,0.8253,Very High
61.87,8.8,14.13,5541.3,0.6446,Medium
64.12,6.25,14.13,3113.75,0.5962,Medium
70.86,0.68,2.93,23157.62,0.4061,Low
71.34,7.6,10.84,15028.16,0.6921,Medium
74.59,12.27,16.73,11019.75,0.8047,Very High
85.0,10.78,16.07,14579.5,0.8464,Very High
66.23,10.9,14.46,13673.1,0.7394,High
60.02,11.71,13.96,35732.53,0.7521,High
54.21,8.27,14.03,36133.86,0.6779,Medium
60.69,8.59,14.03,17055.37,0.6901,Medium
67.67,6.15,8.31,23058.8,0.6404,Medium
85.0,7.05,13.76,16548.7,0.781,High
62.82,9.85,16.19,6240.59,0.684,Medium
70.24,11.61,15.88,21090.22,0.8028,Very High
67.84,7.58,11.74,2454.07,0.5905,Medium
79.88,6.65,11.76,28392.82,0.7554,High
85.0,8.0,10.28,2997.33,0.657,Medium
62.69,9.8,13.86,13171.4,0.7012,High
63.11,3.67,3.36,4250.73,0.4327,Low
78.44,1.11,6.86,17212.46,0.542,Low
74.82,6.35,7.23,9567.0,0.6211,Medium
85.0,4.34,11.34,2008.7,0.5928,Medium
73.84,6.48,9.82,15073.59,0.6743,Medium
64.41,7.56,11.13,5552.92,0.615,Medium
73.91,6.64,9.38,23888.36,0.6915,Medium
79.09,12.36,15.78,9910.26,0.8126,Very High
76.2,8.98,15.82,14697.33,0.7838,High
73.07,8.9,7.93,3798.76,0.6144,Medium
78.67,9.87,16.42,5489.91,0.754,High
79.69,4.58,9.26,6256.41,0.6173,Medium
81.82,11.12,12.7,23311.51,0.8275,Very High
74.49,7.77,9.62,52964.5,0.7477,High
66.33,10.01,17.36,4424.13,0.6931,Medium
69.47,4.78,6.89,29052.16,0.6117,Medium
80.07,3.34,5.03,1130.4,0.4397,Low
59.83,10.45,16.73,2998.33,0.6349,Medium
71.69,9.13,13.81,3794.17,0.6697,Medium
64.07,5.29,7.42,2559.31,0.5027,Low
68.29,5.39,9.82,2031.26,0.5348,Low
80.78,11.38,13.32,14957.96,0.8093,Very High
69.91,4.43,10.63,7989.89,0.6084,Medium
68.46,12.93,19.05,14463.82,0.8133,Very High
54.4,5.3,10.36,19741.39,0.5811,Medium
75.46,9.92,14.64,12908.19,0.7729,High
74.45,7.01,14.54,19106.1,0.7512,High
85.0,9.81,13.81,9232.34,0.7861,High
64.92,6.37,8.0,3019.98,0.5367,Low
70.19,7.51,12.41,28504.41,0.7321,High
70.49,8.12,16.29,5491.12,0.698,Medium
83.77,4.99,6.96,3883.16,0.5801,Medium
67.05,10.22,13.5,8284.01,0.7018,High
70.79,6.46,11.29,3972.65,0.6126,Medium
74.08,7.31,11.21,6519.61,0.663,Medium
69.87,5.02,7.05,13961.43,0.5923,Medium
63.54,0.31,6.56,14021.42,0.4584,Low
69.94,7.43,16.07,4032.61,0.6677,Medium
78.74,15.0,19.39,6077.17,0.8246,Very High
57.73,10.35,12.55,28979.18,0.7012,High
69.33,7.94,8.84,16258.97,0.6679,Medium
61.0,7.21,11.73,78831.27,0.7095,High
79.95,8.07,14.28,32213.09,0.812,Very High
52.77,9.64,14.59,31079.17,0.6823,Medium
62.41,4.46,8.45,2470.39,0.4949,Low
71.77,11.34,14.16,21244.65,0.7923,High
83.66,10.15,11.96,9385.24,0.7666,High
67.34,10.15,15.82,5704.54,0.7021,High
62.45,9.32,15.14,11707.86,0.7004,High
85.0,8.06,8.97,25468.85,0.7567,High
53.52,10.02,17.2,16331.18,0.6855,Medium
46.01,9.78,14.92,4111.43,0.55,Low
72.4,6.94,13.74,20794.81,0.7358,High
62.98,6.28,7.59,5231.29,0.5497,Low
57.79,8.31,9.57,12291.74,0.6121,Medium
75.08,12.65,16.35,7307.45,0.7836,High
70.44,4.28,9.29,7951.64,0.5902,Medium
62.36,3.6,11.19,21295.33,0.6103,Medium
55.2,8.49,13.91,3497.51,0.5795,Medium
76.72,8.15,11.67,69230.38,0.8009,Very High
74.5,8.52,10.47,1601.85,0.5867,Medium
67.01,8.73,15.19,5444.34,0.6778,Medium
85.0,7.33,9.4,14331.45,0.7238,High
57.3,12.47,19.73,17753.08,0.7563,High
52.74,3.2,6.63,8951.03,0.4633,Low
61.08,5.51,12.7,9345.12,0.6148,Medium
67.54,7.69,13.05,14921.38,0.6995,Medium
70.43,3.07,6.8,7855.2,0.53,Low
65.59,7.47,10.43,39862.1,0.6992,Medium
71.52,12.98,16.3,22910.47,0.8322,Very High
55.48,8.06,12.92,23690.38,0.6565,Medium
82.44,8.69,12.85,3766.28,0.6983,Medium
67.18,4.22,7.03,9141.79,0.55,Low
79.17,6.15,9.82,7328.56,0.6559,Medium
71.43,6.87,11.03,3620.61,0.6125,Medium
72.57,7.05,6.79,14188.18,0.6352,Medium
73.7,11.84,16.76,5781.13,0.7581,High
72.48,9.67,11.71,19061.08,0.7458,High
74.43,4.67,6.36,3394.15,0.5291,Low
81.29,8.74,9.36,55217.8,0.7915,High
69.97,9.49,9.91,4038.66,0.6334,Medium
75.09,11.42,12.71,12323.98,0.7676,High
67.1,12.74,15.32,21847.88,0.7945,High
82.4,4.95,12.86,5593.49,0.673,Medium
61.24,5.57,8.52,23213.02,0.604,Medium
85.0,4.23,8.58,2895.22,0.5777,Medium
67.6,7.3,12.1,42282.04,0.7291,High
53.69,9.4,13.66,10038.16,0.63,Medium
69.28,10.96,14.81,5451.19,0.7085,High
61.19,7.77,9.38,7337.98,0.5978,Medium
76.41,7.04,13.94,22223.8,0.7609,High
61.47,8.46,16.07,5516.75,0.6554,Medium
63.54,5.49,6.13,4678.08,0.5161,Low
49.1,14.27,16.22,7930.44,0.6495,Medium
63.48,3.18,6.62,3050.43,0.4642,Low
43.76,8.55,10.63,61116.91,0.5902,Medium
52.16,14.07,19.08,5617.29,0.67,Medium
75.6,8.02,10.56,22734.0,0.7326,High
75.86,7.43,15.76,12203.4,0.7533,High
72.25,6.93,13.31,3697.7,0.641,Medium
58.33,7.46,11.88,9838.37,0.6185,Medium
67.52,12.12,18.17,21676.91,0.8142,Very High
67.96,1.36,7.58,8198.76,0.5009,Low
56.42,12.6,15.47,32634.1,0.7467,High
83.03,3.73,6.1,27488.29,0.6228,Medium
76.77,7.2,11.36,24807.84,0.7393,High
65.79,6.71,12.44,6250.04,0.6303,Medium
68.27,9.77,14.04,3361.55,0.6559,Medium
70.08,3.21,4.05,5358.36,0.4667,Low
47.58,9.39,11.78,12043.03,0.5815,Medium
65.53,14.07,17.92,17082.11,0.8072,Very High
61.18,3.91,7.76,1128.26,0.4313,Low
57.98,8.57,16.51,9817.16,0.6705,Medium
65.19,6.01,7.24,11592.22,0.5853,Medium
85.0,9.28,14.29,7498.48,0.7722,High
74.41,8.06,15.04,35999.99,0.7993,High
62.29,6.08,14.62,15089.89,0.6695,Medium
73.73,9.46,12.65,36687.52,0.7893,High
81.99,13.41,18.4,7974.78,0.8455,Very High
77.25,7.43,12.57,25272.64,0.7601,High
68.6,10.16,14.55,50770.28,0.8055,Very High
61.53,4.12,7.92,36742.65,0.5884,Medium
74.98,5.13,10.0,3320.46,0.5857,Medium
71.93,9.42,8.35,7679.61,0.6589,Medium
76.95,12.45,17.82,7008.19,0.7999,High
74.35,9.07,13.32,16143.21,0.7558,High
78.5,7.06,10.62,19660.24,0.7247,High
62.65,8.0,16.09,4277.43,0.6428,Medium
81.17,4.25,6.9,10591.83,0.6045,Medium
69.98,9.81,13.01,1313.0,0.5905,Medium
85.0,10.65,18.63,41854.1,0.9266,Very High
61.11,6.64,8.98,5929.09,0.5684,Medium
85.0,6.59,9.49,10465.76,0.6976,Medium
69.98,8.8,12.5,7261.56,0.6832,Medium
61.49,6.69,12.37,31133.12,0.6794,Medium
63.16,7.8,12.22,579.69,0.4728,Low
64.8,14.3,15.71,9734.09,0.7578,High
72.24,7.26,10.19,8903.34,0.659,Medium
73.23,6.92,9.71,6287.78,0.6353,Medium
62.26,6.06,9.9,55616.02,0.6665,Medium
67.76,10.23,15.08,4075.18,0.6788,Medium
85.0,7.46,12.29,21413.91,0.782,High
85.0,6.05,6.5,14132.79,0.6588,Medium
72.36,11.96,18.09,34944.6,0.8628,Very High
68.38,12.26,16.76,5078.7,0.7282,High
69.2,6.2,12.97,4755.38,0.6302,Medium
74.14,2.4,7.29,29616.0,0.587,Medium
57.77,11.02,17.23,15143.42,0.7197,High
65.43,5.95,10.88,2111.31,0.5441,Low
51.31,10.37,17.06,5771.54,0.6231,Medium
71.99,2.09,7.13,14565.09,0.5442,Low
74.47,10.68,14.48,22874.18,0.8049,Very High
63.17,4.37,12.91,5017.91,0.5829,Medium
83.74,10.19,15.97,536.86,0.5799,Medium
55.74,8.04,13.19,16700.99,0.6461,Medium
53.36,5.14,6.59,2920.99,0.4525,Low
70.24,6.78,8.2,1316.41,0.515,Low
78.47,10.06,14.64,582.7,0.5622,Medium
84.84,8.32,12.61,22336.58,0.7997,High
63.41,9.75,12.52,11255.56,0.6845,Medium
78.79,13.93,18.21,7897.83,0.8335,Very High
67.61,3.31,10.48,39696.74,0.643,Medium
66.27,12.85,18.24,18719.57,0.8073,Very High
76.84,8.31,10.03,49826.39,0.7697,High
74.52,5.3,9.08,2458.4,0.5584,Medium
52.24,4.01,6.4,9561.02,0.4738,Low
82.77,7.43,10.66,1965.08,0.6182,Medium
81.8,10.76,13.94,7868.46,0.7762,High
61.74,7.62,10.66,7718.57,0.6144,Medium
71.96,12.53,14.02,18520.13,0.7984,High
72.94,3.65,7.39,10358.51,0.5714,Medium
70.61,7.96,10.84,18460.84,0.7032,High
62.5,4.24,2.38,19999.05,0.4772,Low
61.28,9.09,17.2,85385.25,0.7915,High
67.74,10.66,16.84,7220.67,0.7311,High
79.73,6.74,9.99,3862.14,0.6338,Medium
73.44,0.19,4.22,12658.49,0.4204,Low
64.29,8.6,10.25,4436.94,0.6065,Medium
75.72,9.31,16.7,43562.88,0.8477,Very High
40.0,9.21,17.01,7456.06,0.5386,Low
79.49,11.71,16.02,5621.89,0.7749,High
50.6,4.79,10.83,6177.59,0.5131,Low
64.38,10.04,14.39,20300.84,0.7383,High
56.8,11.58,12.9,8452.8,0.6561,Medium
55.05,2.66,5.84,5209.99,0.4324,Low
79.61,8.96,13.22,52331.4,0.8328,Very High
63.32,6.49,9.58,4204.16,0.5662,Medium
71.47,7.76,11.32,10255.47,0.682,Medium
67.53,9.04,12.86,19002.13,0.7254,High
72.77,6.54,10.38,1936.55,0.5687,Medium
68.77,5.97,10.08,15998.66,0.6507,Medium
55.17,8.1,9.98,3445.73,0.541,Low
77.96,4.74,7.3,22534.05,0.641,Medium
63.06,4.74,6.17,3779.51,0.493,Low
52.43,10.04,15.99,19786.77,0.6771,Medium
63.72,4.55,4.34,29906.56,0.5404,Low
83.01,10.0,16.31,23422.13,0.8564,Very High
76.5,9.39,16.16,12724.91,0.7856,High
64.51,2.82,6.22,7853.38,0.4938,Low
64.51,5.97,4.76,5561.26,0.5163,Low
64.78,11.58,14.86,43089.5,0.796,High
85.0,5.06,8.93,4917.25,0.6258,Medium
71.82,6.61,8.59,3508.47,0.5814,Medium
72.3,9.39,12.36,19251.98,0.7486,High
78.3,10.35,17.41,4464.28,0.7527,High
70.39,7.25,12.58,3827.38,0.6318,Medium
65.41,6.21,8.36,2336.47,0.5266,Low
66.04,12.27,13.07,6106.38,0.6977,Medium
67.28,13.22,16.56,9111.43,0.7643,High
67.63,10.94,14.51,12620.68,0.7435,High
75.28,8.26,13.25,25624.55,0.771,High
68.52,5.58,8.5,16762.47,0.6247,Medium
75.33,5.51,10.53,8177.39,0.646,Medium
67.19,9.57,17.44,8117.72,0.729,High
68.79,9.26,14.89,16484.2,0.7476,High
48.02,12.2,16.11,35332.91,0.6885,Medium
77.16,9.95,13.59,11229.66,0.7633,High
71.46,3.49,6.78,6191.11,0.5317,Low
77.98,11.16,17.52,3667.02,0.7469,High
40.0,5.01,7.75,2332.73,0.3825,Low
85.0,6.85,10.94,19269.32,0.7506,High
66.6,8.75,12.85,17640.96,0.7136,High
79.08,13.99,16.98,17630.11,0.8733,Very High
57.6,15.0,16.26,8702.28,0.7188,High
74.13,9.82,14.47,40414.13,0.8196,Very High
57.47,7.45,11.33,6099.01,0.5863,Medium
61.76,9.6,14.6,25726.3,0.7312,High
85.0,10.66,13.6,9521.02,0.7961,High
66.09,7.04,13.48,5386.49,0.6383,Medium
70.17,13.39,15.63,17899.54,0.8105,Very High
76.7,8.69,16.11,14907.74,0.7863,High
72.96,9.49,10.0,14142.97,0.7128,High
69.5,10.0,14.87,10735.15,0.7377,High
71.65,9.26,14.22,9529.11,0.7274,High
85.0,10.52,12.93,90000.0,0.8919,Very High
67.42,6.15,11.0,32346.36,0.6876,Medium
70.01,6.33,12.88,20390.55,0.7057,High
78.51,4.7,4.27,11067.84,0.5605,Medium
79.06,9.32,14.32,27096.43,0.8167,Very High
79.87,10.34,9.35,16613.9,0.7547,High
74.39,9.37,11.44,10159.91,0.7167,High
56.57,13.02,20.0,7305.89,0.712,High
84.33,7.98,10.82,9127.82,0.7258,High
56.54,10.01,11.66,500.0,0.4479,Low
71.03,4.72,8.33,12217.21,0.6051,Medium
60.46,6.84,14.97,6072.49,0.6288,Medium
67.36,10.09,10.42,48662.79,0.7525,High
71.29,10.55,12.44,10090.44,0.7265,High
71.21,7.12,14.11,3014.04,0.6342,Medium
72.22,7.79,15.5,9415.57,0.7247,High
84.14,3.45,7.24,3476.84,0.5508,Medium
72.54,6.93,8.45,15889.4,0.6605,Medium
65.56,10.67,18.86,13239.33,0.7692,High
77.64,9.73,16.91,25792.52,0.839,Very High
79.89,9.5,14.86,4487.8,0.7283,High
55.72,8.15,10.52,10239.5,0.6007,Medium
73.97,8.02,11.92,2527.48,0.6236,Medium
75.01,6.02,9.7,19960.18,0.6827,Medium
65.02,10.1,14.76,16628.46,0.7365,High
81.76,9.26,16.16,16249.3,0.8211,Very High
66.5,9.48,15.23,9913.17,0.716,High
69.26,6.42,8.27,14984.52,0.6337,Medium
66.27,1.54,8.29,49233.97,0.5726,Medium
68.16,11.29,15.92,7442.08,0.7336,High
57.04,6.56,11.94,11368.99,0.6075,Medium
53.6,5.41,12.34,3340.49,0.5234,Low
83.95,10.08,11.86,4153.63,0.7169,High
59.53,6.82,10.75,10914.13,0.6099,Medium
58.09,11.18,14.12,29849.8,0.728,High
46.47,9.85,10.72,7659.63,0.5507,Medium
61.61,10.05,14.74,7817.21,0.6796,Medium
54.77,3.9,12.93,6588.72,0.549,Low
84.42,11.64,11.96,5797.86,0.7592,High
78.1,8.78,12.72,13292.72,0.7528,High
61.12,6.89,12.17,2214.41,0.5519,Medium
85.0,8.43,12.68,35629.87,0.8252,Very High
77.82,2.67,6.45,5087.68,0.5211,Low
64.75,9.23,10.63,20371.73,0.6933,Medium
43.01,4.91,9.38,2779.43,0.4225,Low
85.0,3.94,6.43,19318.92,0.627,Medium
54.1,3.43,3.05,19378.99,0.4365,Low
51.55,11.34,17.73,14533.36,0.6823,Medium
78.23,6.11,12.03,3661.29,0.6399,Medium
85.0,12.6,16.7,12702.42,0.8649,Very High
81.84,6.39,10.85,3031.9,0.6319,Medium
73.64,2.88,9.03,7686.62,0.5725,Medium
73.95,4.65,9.1,27706.24,0.66,Medium
76.53,11.71,17.52,21953.94,0.8532,Very High
75.59,7.53,10.94,10048.54,0.6914,Medium
70.81,6.36,12.98,3733.84,0.6254,Medium
69.04,8.48,13.12,18874.89,0.7284,High
67.37,9.51,13.89,10090.82,0.7094,High
60.46,11.35,12.81,972.32,0.5395,Low
65.19,12.35,16.92,21647.17,0.7926,High
51.07,6.92,9.26,9660.18,0.544,Low
67.02,4.02,6.75,32940.27,0.5883,Medium
58.11,6.76,9.13,3310.09,0.5295,Low
56.96,8.78,10.65,500.0,0.4333,Low
69.8,5.11,13.36,13083.19,0.6734,Medium
81.92,5.13,11.79,13247.49,0.7051,High
77.18,9.03,16.87,1824.99,0.6672,Medium
52.29,7.85,9.41,3720.08,0.5217,Low
58.1,8.1,12.24,90000.0,0.7098,High
77.41,5.72,7.14,7290.95,0.6061,Medium
58.18,7.31,9.92,20557.04,0.626,Medium
65.75,5.23,7.39,5163.35,0.5419,Low
73.5,10.67,17.15,1223.78,0.6375,Medium
58.32,11.11,14.31,8347.7,0.6713,Medium
69.05,2.46,8.6,7588.55,0.541,Low
54.66,5.21,10.42,6635.05,0.5389,Low
61.99,3.51,12.12,8825.13,0.5831,Medium
71.2,6.05,7.09,12890.79,0.6131,Medium
52.07,7.75,14.27,8517.54,0.6008,Medium
72.4,3.65,9.94,2796.14,0.5445,Low
67.8,5.23,7.29,16093.73,0.597,Medium
73.52,4.99,11.0,1408.99,0.5375,Low
70.24,8.62,13.29,1273.65,0.58,Medium
81.64,8.21,11.75,20726.75,0.7711,High
